{
  "th": -1.449013409,
  "he": -1.512191427,
  "in": -1.61390336,
  "er": -1.688613896,
  "an": -1.702206436,
  "re": -1.73181457,
  "on": -1.754969661,
  "at": -1.827767223,
  "en": -1.837361389,
  "nd": -1.868932911,
  "ti": -1.872060209,
  "es": -1.873091732,
  "or": -1.893965892,
  "te": -1.919059941,
  "of": -1.92997127,
  "ed": -1.932511289,
  "is": -1.947525422,
  "it": -1.949514395,
  "al": -1.963590891,
  "ar": -1.968632554,
  "st": -1.977375495,
  "to": -1.982438091,
  "nt": -1.982444506,
  "ng": -2.020900336,
  "se": -2.030530699,
  "ha": -2.033499918,
  "as": -2.059934443,
  "ou": -2.06047959,
  "io": -2.078348971,
  "le": -2.081312302,
  "ve": -2.083398382,
  "co": -2.100256231,
  "me": -2.100723261,
  "de": -2.116441678,
  "hi": -2.117337845,
  "ri": -2.138096049,
  "ro": -2.138630234,
  "ic": -2.155704603,
  "ne": -2.160068245,
  "ea": -2.162307236,
  "ra": -2.163908268,
  "ce": -2.18614067,
  "li": -2.204570365,
  "ch": -2.223468807,
  "ll": -2.239147148,
  "be": -2.239363652,
  "ma": -2.247744566,
  "si": -2.259592113,
  "om": -2.262603076,
  "ur": -2.265401943,
  "ca": -2.269085278,
  "el": -2.275477096,
  "ta": -2.275817497,
  "la": -2.277753295,
  "ns": -2.293335589,
  "di": -2.307182677,
  "fo": -2.311799545,
  "ho": -2.314345963,
  "pe": -2.32058193,
  "ec": -2.32122429,
  "pr": -2.323790404,
  "no": -2.332944204,
  "ct": -2.336325682,
  "us": -2.342698315,
  "ac": -2.348942874,
  "ot": -2.354476245,
  "il": -2.36498436,
  "tr": -2.370773763,
  "ly": -2.371597259,
  "nc": -2.381172084,
  "et": -2.384462101,
  "ut": -2.392382797,
  "ss": -2.392464335,
  "so": -2.400409293,
  "rs": -2.401726932,
  "un": -2.404048728,
  "lo": -2.412419006,
  "wa": -2.414159201,
  "ge": -2.414325545,
  "ie": -2.414938342,
  "wh": -2.421597561,
  "ee": -2.422961794,
  "wi": -2.426640145,
  "em": -2.427519162,
  "ad": -2.434203617,
  "ol": -2.437121354,
  "rt": -2.441679814,
  "po": -2.44204408,
  "we": -2.442614041,
  "na": -2.45937654,
  "ul": -2.461137971,
  "ni": -2.469528181,
  "ts": -2.471741391,
  "mo": -2.472527837,
  "ow": -2.480857391,
  "pa": -2.490028435,
  "im": -2.497900846,
  "mi": -2.497994583,
  "ai": -2.499697985,
  "sh": -2.501358676,
  "ir": -2.501451825,
  "su": -2.50699316,
  "id": -2.529436767,
  "os": -2.537651773,
  "iv": -2.540836453,
  "ia": -2.543205298,
  "am": -2.54535943,
  "fi": -2.545787038,
  "ci": -2.550545047,
  "vi": -2.569369768,
  "pl": -2.580065581,
  "ig": -2.593525599,
  "tu": -2.593618716,
  "ev": -2.593828333,
  "ld": -2.597555687,
  "ry": -2.606003654,
  "mp": -2.621283807,
  "fe": -2.626034464,
  "bl": -2.63189883,
  "ab": -2.638675646,
  "gh": -2.643012184,
  "ty": -2.643444319,
  "op": -2.64992447,
  "wo": -2.654127921,
  "sa": -2.661508753,
  "ay": -2.662818706,
  "ex": -2.669495744,
  "ke": -2.670057368,
  "fr": -2.671235992,
  "oo": -2.677244957,
  "av": -2.68838885,
  "ag": -2.688829319,
  "if": -2.691955524,
  "ap": -2.692833749,
  "gr": -2.706023753,
  "od": -2.708965594,
  "bo": -2.709052036,
  "sp": -2.718388971,
  "rd": -2.722811797,
  "do": -2.725299688,
  "uc": -2.726646196,
  "bu": -2.732959298,
  "ei": -2.736715167,
  "ov": -2.749368892,
  "by": -2.753332979,
  "rm": -2.7566322,
  "ep": -2.765549184,
  "tt": -2.767808962,
  "oc": -2.778833405,
  "fa": -2.78515672,
  "ef": -2.788526731,
  "cu": -2.788842129,
  "rn": -2.794901106,
  "sc": -2.810371084,
  "gi": -2.819196072,
  "da": -2.820829349,
  "yo": -2.824193702,
  "cr": -2.825487137,
  "cl": -2.826780647,
  "du": -2.828388288,
  "ga": -2.829512196,
  "qu": -2.831086319,
  "ue": -2.831265849,
  "ff": -2.834706463,
  "ba": -2.835039364,
  "ey": -2.842405058,
  "ls": -2.849202154,
  "va": -2.85393378,
  "um": -2.858918465,
  "pp": -2.864722295,
  "ua": -2.865398203,
  "up": -2.866421231,
  "lu": -2.869057495,
  "go": -2.879005769,
  "ht": -2.88543613,
  "ru": -2.891676013,
  "ug": -2.893103733,
  "ds": -2.898731893,
  "lt": -2.907851193,
  "pi": -2.909762746,
  "rc": -2.915829108,
  "rr": -2.918137841,
  "eg": -2.922500795,
  "au": -2.924333444,
  "ck": -2.929496213,
  "ew": -2.932535666,
  "mu": -2.940745156,
  "br": -2.952492071,
  "bi": -2.972254535,
  "pt": -2.975587678,
  "ak": -2.980056138,
  "pu": -2.980716652,
  "ui": -2.99501989,
  "rg": -3.00098501,
  "ib": -3.006110451,
  "tl": -3.00678789,
  "ny": -3.009139927,
  "ki": -3.009313004,
  "rk": -3.013074511,
  "ys": -3.013979921,
  "ob": -3.014704608,
  "mm": -3.017416675,
  "fu": -3.017842284,
  "ph": -3.025073923,
  "og": -3.026760305,
  "ms": -3.03229684,
  "ye": -3.03306751,
  "ud": -3.039046742,
  "mb": -3.044526217,
  "ip": -3.049580587,
  "ub": -3.052662689,
  "oi": -3.056749179,
  "rl": -3.064166964,
  "gu": -3.066667078,
  "dr": -3.068288416,
  "hr": -3.073695965,
  "cc": -3.080198938,
  "tw": -3.084219164,
  "ft": -3.087967414,
  "wn": -3.102441099,
  "nu": -3.104331893,
  "af": -3.129553401,
  "hu": -3.132575167,
  "nn": -3.138079287,
  "eo": -3.139659251,
  "vo": -3.148086515,
  "rv": -3.159371392,
  "nf": -3.172755292,
  "xp": -3.174808737,
  "gn": -3.182837373,
  "sm": -3.185758904,
  "fl": -3.187722636,
  "iz": -3.191520606,
  "ok": -3.191709301,
  "nl": -3.195288882,
  "my": -3.206304491,
  "gl": -3.217263994,
  "aw": -3.222455275,
  "ju": -3.231343929,
  "oa": -3.240437408,
  "eq": -3.242209661,
  "sy": -3.245309914,
  "sl": -3.252738318,
  "ps": -3.263036604,
  "jo": -3.269301127,
  "lf": -3.271833897,
  "nv": -3.283936959,
  "je": -3.284937358,
  "nk": -3.287304305,
  "kn": -3.28870891,
  "gs": -3.290787954,
  "dy": -3.297373564,
  "hy": -3.300256858,
  "ze": -3.303359155,
  "ks": -3.323225052,
  "xt": -3.331050379,
  "bs": -3.338827361,
  "ik": -3.367413717,
  "dd": -3.369049108,
  "cy": -3.379670122,
  "rp": -3.380698511,
  "sk": -3.403791277,
  "xi": -3.404301926,
  "oe": -3.413067813,
  "oy": -3.441516026,
  "ws": -3.454889511,
  "lv": -3.457100999,
  "dl": -3.490256405,
  "rf": -3.491330049,
  "eu": -3.506503822,
  "dg": -3.508592249,
  "wr": -3.511997287,
  "xa": -3.528692899,
  "yi": -3.54031016,
  "nm": -3.556745061,
  "eb": -3.56745439,
  "rb": -3.573289945,
  "tm": -3.577096967,
  "xc": -3.577413942,
  "eh": -3.579652793,
  "tc": -3.582756185,
  "gy": -3.586030336,
  "ja": -3.58734644,
  "hn": -3.589088244,
  "yp": -3.603550888,
  "za": -3.603736793,
  "gg": -3.606341795,
  "ym": -3.625712174,
  "sw": -3.628411272,
  "bj": -3.634053335,
  "lm": -3.637877335,
  "cs": -3.641627897,
  "ii": -3.642402448,
  "ix": -3.656946235,
  "xe": -3.661651887,
  "oh": -3.670513206,
  "lk": -3.705213788,
  "dv": -3.720043538,
  "lp": -3.720550106,
  "ax": -3.724933426,
  "ox": -3.731061528,
  "uf": -3.732071111,
  "dm": -3.740484076,
  "iu": -3.759226325,
  "sf": -3.765369829,
  "bt": -3.766904288,
  "ka": -3.770682593,
  "yt": -3.777702301,
  "ek": -3.78325888,
  "pm": -3.79707152,
  "ya": -3.802283533,
  "gt": -3.812404844,
  "wl": -3.817551815,
  "rh": -3.820690102,
  "yl": -3.831017934,
  "hs": -3.833150569,
  "ah": -3.865080732,
  "yc": -3.869647987,
  "yn": -3.878959792,
  "rw": -3.894239118,
  "hm": -3.894720085,
  "lw": -3.898291018,
  "hl": -3.89990813,
  "ae": -3.906700223,
  "zi": -3.916588822,
  "az": -3.925581141,
  "lc": -3.927312298,
  "py": -3.929454125,
  "aj": -3.929864923,
  "iq": -3.946777095,
  "nj": -3.955209611,
  "bb": -3.961256495,
  "nh": -3.963222988,
  "uo": -3.972375623,
  "kl": -3.975932418,
  "lr": -3.997779125,
  "tn": -3.999537645,
  "gm": -4.006204604,
  "sn": -4.03739601,
  "nr": -4.038495976,
  "fy": -4.041050542,
  "mn": -4.056007664,
  "dw": -4.088181704,
  "sb": -4.101479026,
  "yr": -4.108374104,
  "dn": -4.120938351,
  "sq": -4.128196752,
  "zo": -4.143813953,
  "oj": -4.156400202,
  "yd": -4.166341416,
  "lb": -4.174554686,
  "wt": -4.184327134,
  "lg": -4.215534681,
  "ko": -4.216376537,
  "np": -4.219271911,
  "sr": -4.222576945,
  "nq": -4.225482089,
  "ky": -4.225504295,
  "ln": -4.231374049,
  "nw": -4.236796314,
  "tf": -4.247091909,
  "fs": -4.258886068,
  "cq": -4.261652434,
  "dh": -4.264529172,
  "sd": -4.279128597,